Virginia threeseed mercury,Medium
common yarrow,Medium
western yarrow,Medium
Indian ricegrass,Low
Lemmon's needlegrass,Low
Letterman's needlegrass,Low
Dore's needlegrass,Low
western needlegrass,Low
desert needlegrass,Low
Thurber's needlegrass,Low
oppositeleaf spotflower,Medium
Columbian monkshood,High
sweetflag,High
calamus,High
common maidenhair,High
northern maidenhair,Medium
smallleaf giant hyssop,Low
nettleleaf giant hyssop,Medium
American century plant,Low
Utah agave,Low
orange agoseris,Medium
pale agoseris,Medium
bigflower agoseris,Medium
tall hairy agrimony,Medium
harvestlice,High
beaked agrimony,Medium
roadside agrimony,Medium
crested wheatgrass,Medium
desert wheatgrass,Medium
Siberian wheatgrass,Medium
velvet bentgrass,High
colonial bentgrass,High
spike bentgrass,Medium
redtop,Medium
winter bentgrass,High
Idaho bentgrass,Medium
seashore bentgrass,High
upland bentgrass,High
rough bentgrass,Medium
creeping bentgrass,High
common bugle,High
narrowleaf water plantain,High
European water plantain,High
American water plantain,High
tapertip onion,Low
Douglas' onion,Medium
textile onion,Medium
Tolmie's onion,Medium
Pacific onion,High
shortawn foxtail,High
creeping meadow foxtail,Medium
Carolina foxtail,Low
water foxtail,High
slender meadow foxtail,High
meadow foxtail,High
alligatorweed,High
California amaranth,Medium
valley redstem,Medium
European beachgrass,Medium
American beachgrass,Medium
tarweed fiddleneck,Low
pineapple,Medium
western pearly everlasting,Medium
big bluestem,Medium
bushy bluestem,High
sand bluestem,Medium
splitbeard bluestem,Low
broomsedge bluestem,Medium
Pacific anemone,Medium
yerba mansa,High
Lyall's angelica,High
pearly pussytoes,Medium
flat-top pussytoes,High
low pussytoes,Low
rush pussytoes,Medium
littleleaf pussytoes,Low
field pussytoes,Low
groundnut,Medium
Indianhemp,High
western columbine,Medium
spreadingpod rockcress,Low
Drummond's rockcress,Medium
Holboell's rockcress,Medium
rhizoma peanut,Medium
wild sarsaparilla,Medium
wideleaf polargrass,High
King's sandwort,Low
southwestern pricklypoppy,Low
crested pricklypoppy,Low
silverweed cinquefoil,High
Jack in the pulpit,High
Arizona threeawn,Low
poverty threeawn,Low
Fendler threeawn,Low
pineland threeawn,Low
thrift seapink,Medium
rayless arnica,High
clasping arnica,High
Chamisso arnica,High
heartleaf arnica,High
foothill arnica,Medium
broadleaf arnica,High
spearleaf arnica,High
hairy arnica,High
tall oatgrass,Medium
forked wormwood,Low
white sagebrush,Medium
Tilesius' wormwood,Medium
giant cane,Medium
giant reed,High
swamp milkweed,High
showy milkweed,Medium
butterfly milkweed,Low
alpine aster,Medium
purple milkvetch,Low
Canadian milkvetch,Medium
chickpea milkvetch,Medium
curvepod milkvetch,Low
basalt milkvetch,Low
freckled milkvetch,Low
woolly locoweed,Low
woollypod milkvetch,Low
common ladyfern,Medium
Australian saltbush,Low
wild oat,Medium
common oat,Medium
broadleaf carpetgrass,High
disk waterhyssop,High
Carey's balsamroot,Low
Hooker's balsamroot,Medium
hairy balsamroot,Medium
cutleaf balsamroot,High
arrowleaf balsamroot,Medium
serrate balsamroot,Low
common bamboo,Medium
horseflyweed,Low
fivehorn smotherweed,Medium
American sloughgrass,High
lyreleaf greeneyes,Low
cutleaf waterparsnip,High
bearded beggarticks,High
nodding beggartick,High
purplestem beggarticks,High
crowned beggarticks,High
small beggarticks,High
devil's beggartick,Medium
smooth beggartick,High
smallfruit beggarticks,High
threelobe beggarticks,High
deer fern,High
pine dropseed,Low
smallspike false nettle,Medium
white doll's daisy,Medium
cane bluestem,Medium
Caucasian bluestem,Medium
yellow bluestem,Medium
yellow bluestem,Medium
pitted beardgrass,Low
silver bluestem,Medium
lanceleaf grapefern,Medium
common moonwort,Medium
rattlesnake fern,Medium
gypsum grama,Low
sideoats grama,Medium
black grama,Medium
blue grama,Medium
hairy grama,Low
brown mustard,Medium
rape,Medium
field mustard,High
big quakinggrass,Medium
pinguin,Low
nodding brome,Low
field brome,Medium
rattlesnake brome,Low
California brome,Medium
rescuegrass,High
fringed brome,Medium
soft brome,Medium
smooth brome,Medium
arctic brome,Low
mountain brome,High
red brome,Low
Alaska brome,Low
Columbia brome,Low
Carolina fanwort,High
shorthair reedgrass,High
bluejoint,Medium
Nuttall's reedgrass,Medium
pinegrass,Medium
northern reedgrass,High
slimstem reedgrass,High
prairie sandreed,Medium
purple poppymallow,Medium
northern water-starwort,High
twoheaded water-starwort,High
vernal water-starwort,Medium
sagebrush mariposa lily,Low
white marsh marigold,High
yellow marsh marigold,High
small camas,High
Atlantic camas,Medium
marsh bellflower,High
American bellflower,Medium
giant mountain aster,Medium
Brewer's bittercress,Medium
bulbous bittercress,Medium
heartleaf bittercress,High
limestone bittercress,High
little western bittercress,Medium
Pennsylvania bittercress,Medium
thicket sedge,High
greenwhite sedge,Medium
eastern narrowleaf sedge,Medium
Columbian sedge,High
water sedge,High
wheat sedge,High
slenderbeak sedge,High
prickly bog sedge,High
golden sedge,High
Bailey's sedge,High
Bebb's sedge,High
southwestern showy sedge,High
Bicknell's sedge,Low
Bigelow's sedge,Medium
eastern woodland sedge,High
Bush's sedge,Medium
silvery sedge,High
hair-like sedge,Medium
oval-leaf sedge,Low
longhair sedge,High
fringed sedge,Medium
crested sedge,High
ravenfoot sedge,Medium
white edge sedge,High
cypressknee sedge,High
Dewey sedge,Medium
lesser panicled sedge,High
softleaf sedge,High
Douglas' sedge,Medium
star sedge,High
shorthair sedge,Low
threadleaf sedge,Low
thinfruit sedge,High
Frank's sedge,High
Geyer's sedge,Low
southern waxy sedge,High
graceful sedge,Medium
limestone meadow sedge,High
Gray's sedge,High
Hall's sedge,Medium
Henderson's sedge,Medium
shoreline sedge,High
inland sedge,High
greater bladder sedge,High
cypress swamp sedge,High
Japanese sedge,Low
hairy sedge,High
lakeshore sedge,High
Kellogg's sedge,Medium
bristlystalked sedge,High
nerveless woodland sedge,Medium
mud sedge,Medium
hop sedge,Medium
shallow sedge,Medium
woodrush sedge,High
Mariposa sedge,Low
Mertens' sedge,Medium
smallwing sedge,High
troublesome sedge,Medium
Muskingum sedge,High
Nebraska sedge,High
greater straw sedge,High
slough sedge,High
chamisso sedge,Medium
variable sedge,Low
clustered field sedge,Medium
drooping sedge,Medium
necklace sedge,Medium
Raynolds' sedge,Medium
Ross' sedge,Medium
beaked sedge,High
rock sedge,High
eastern rough sedge,High
northern singlespike sedge,Medium
broom sedge,High
mountain sedge,High
Short's sedge,High
analogue sedge,High
bur-reed sedge,High
squarrose sedge,Medium
awlfruit sedge,Medium
eastern straw sedge,High
upright sedge,Medium
quill sedge,Medium
twisted sedge,Medium
blunt broom sedge,Medium
hairyfruit sedge,High
threeseeded sedge,High
cattail sedge,High
Northwest Territory sedge,High
blister sedge,High
little green sedge,High
fox sedge,Medium
hairy chaffhead,Low
northwestern Indian paintbrush,Medium
wavyleaf Indian paintbrush,Low
scarlet Indian paintbrush,Medium
harsh Indian paintbrush,Low
downy paintedcup,Low
false grama,Low
blue cohosh,Medium
desert centaury,Medium
coon's tail,High
Douglas' dustymaiden,Low
partridge pea,Medium
fireweed,High
Indian woodoats,Medium
slender woodoats,Medium
longleaf woodoats,Medium
red goosefoot,High
Rhodes grass,Low
chicory,High
western water hemlock,High
sweet woodreed,Low
drooping woodreed,High
small enchanter's nightshade,Medium
elk thistle,High
Jamaica swamp sawgrass,Medium
slender clarkia,Medium
pinkfairies,Medium
miner's lettuce,Medium
Siberian springbeauty,Medium
yellow spiderflower,Low
golden spiderflower,Medium
Rocky Mountain beeplant,Medium
bluebead,Medium
cylinder jointtail grass,Low
wrinkled jointtail grass,Medium
maiden blue eyed Mary,Medium
climbing dayflower,Medium
Virginia dayflower,Medium
blue mistflower,Medium
European lily of the valley,Medium
Canadian horseweed,Medium
saltmarsh bird's-beak,Medium
bushy bird's beak,Medium
lanceleaf tickseed,Medium
golden tickseed,High
bunchberry dogwood,High
Uruguayan pampas grass,Medium
Sierra fumewort,Medium
yellow fumewort,Medium
tapertip hawksbeard,Low
Modoc hawksbeard,Low
largeflower hawksbeard,Low
fiddleleaf hawksbeard,Medium
spreading alkaliweed,Medium
sunn hemp,High
showy rattlebox,Medium
Missouri gourd,Low
Bermudagrass,Medium
tapertip flatsedge,High
slender flatsedge,Medium
poorland flatsedge,Medium
redroot flatsedge,Medium
yellow nutsedge,Low
yellow flatsedge,Medium
haspan flatsedge,Medium
manyflower flatsedge,Low
fragrant flatsedge,Medium
manyspike flatsedge,Medium
marsh flatsedge,High
strawcolored flatsedge,Medium
orchardgrass,Medium
white prairie clover,Medium
purple prairie clover,Medium
California damsonium,High
California oatgrass,Medium
flattened oatgrass,Medium
timber oatgrass,Low
onespike danthonia,Low
Anderson's larkspur,Low
Sierra larkspur,High
Bering's tufted hairgrass,High
annual hairgrass,Medium
slender hairgrass,Low
wavy hairgrass,Medium
Illinois bundleflower,Medium
wild tantan,Low
variable-leaf ticktrefoil,Medium
zarzabacoa comun,Medium
greenleaf ticktrefoil,Medium
panicledleaf ticktrefoil,Low
perplexed ticktrefoil,Medium
dixie ticktrefoil,Low
Pacific bleeding heart,Low
needleleaf rosette grass,Low
deertongue,Low
variable panicgrass,Low
broadleaf rosette grass,Low
eggleaf rosette grass,Low
woolly rosette grass,Medium
velvet panicum,Medium
Kleberg's bluestem,Medium
Angleton bluestem,Medium
purple foxglove,Medium
Arizona cottontop,Low
southern crabgrass,Medium
digitgrass,Low
saltgrass,Medium
pride of Ohio,Medium
darkthroat shootingstar,Medium
cliff dwarf-primrose,Medium
doublehorn calicoflower,Medium
Great Basin calicoflower,High
clasping coneflower,High
Drummond's mountain-avens,Medium
eightpetal mountain-avens,Low
crested woodfern,High
three-way sedge,High
pale purple coneflower,Medium
eastern purple coneflower,Medium
jungle rice,Medium
billion-dollar grass,Medium
coast cockspur grass,High
false daisy,Medium
perennial veldtgrass,Medium
needle spikerush,Medium
Gulf Coast spikerush,High
flatstem spikerush,High
jointed spikesedge,High
blunt spikerush,Medium
ovate spikerush,Medium
common spikerush,High
dwarf spikerush,Medium
squarestem spikerush,High
beaked spikerush,High
slender spikerush,Low
Carolina elephantsfoot,Medium
Canadian waterweed,High
Canada wildrye,Medium
squirreltail,Low
blue wildrye,Low
thickspike wheatgrass,Medium
quackgrass,Medium
riverbank wildrye,High
Siberian wildrye,Low
slender wheatgrass,Low
slender wheatgrass,Medium
Virginia wildrye,Medium
Engelmann's daisy,Medium
purpleleaf willowherb,High
glaucus willowherb,Medium
bog willowherb,High
weeping lovegrass,Medium
teal lovegrass,High
plains lovegrass,Low
Lehmann lovegrass,Medium
purple lovegrass,Low
Wilman lovegrass,Medium
sand lovegrass,Medium
centipede grass,Medium
cutleaf daisy,Low
Eaton's fleabane,Low
threadleaf fleabane,Low
desert yellow fleabane,Low
subalpine fleabane,High
rockloving erigeron,Low
Philadelphia fleabane,Medium
prairie fleabane,Medium
tenangle pipewort,Medium
hidden buckwheat,Low
tall woolly buckwheat,Low
marumleaf buckwheat,Low
snow buckwheat,Low
Blue Mountain buckwheat,Low
thymeleaf buckwheat,Low
sulphur-flower buckwheat,Low
bastardsage,Low
tall cottongrass,High
slender cottongrass,High
tawny cottongrass,Medium
longbeak stork's bill,Medium
sanddune wallflower,Medium
California poppy,Low
brickellbush aster,Low
Engelmann's aster,Medium
gray aster,Medium
thickstem aster,Low
bigleaf aster,Medium
western goldentop,Medium
Tartary buckwheat,Low
Arizona fescue,Low
California fescue,Medium
rough fescue,Low
varioushair fescue,Medium
Idaho fescue,Medium
western fescue,Low
sheep fescue,Low
red fescue,Medium
bearded fescue,High
nodding fescue,Medium
Thurber's fescue,Low
greenleaf fescue,Medium
beach strawberry,Medium
yellow fritillary,Medium
blanketflower,Medium
Indian blanket,Medium
stickywilly,High
rough bedstraw,Medium
northern bedstraw,Medium
bluntleaf bedstraw,High
Oregon bedstraw,Low
stiff marsh bedstraw,High
threepetal bedstraw,High
closed bottle gentian,Medium
Rainier pleated gentian,Medium
bottle gentian,Medium
Oregon geranium,High
Richardson's geranium,High
sticky purple geranium,Low
white avens,Medium
rough avens,Medium
largeleaf avens,Medium
purple avens,High
Ross' avens,Low
old man's whiskers,Medium
spring avens,Medium
sea milkwort,High
small floating mannagrass,High
rattlesnake mannagrass,Medium
melic mannagrass,Medium
Atlantic mannagrass,High
fowl mannagrass,Medium
soybean,Medium
American licorice,High
broom snakeweed,Medium
alpine sweetvetch,Medium
Utah sweetvetch,Medium
Utah sweetvetch,Medium
white sweetvetch,Low
common sneezeweed,Medium
purplehead sneezeweed,Low
oneflower helianthella,Low
swamp sunflower,Medium
common sunflower,Medium
cucumberleaf sunflower,Medium
sawtooth sunflower,Medium
Maximilian sunflower,Medium
Nuttall's sunflower,Medium
Jerusalem artichoke,Low
smooth oxeye,Low
salt heliotrope,Medium
limpograss,High
common cowparsnip,High
dames rocket,Medium
needle and thread,Low
porcupinegrass,Medium
tanglehead,Low
hairy false goldenaster,Low
hairy false goldenaster,Medium
roundleaf alumroot,Low
coralbells,Medium
comfortroot,Medium
halberdleaf rosemallow,High
crimsoneyed rosemallow,High
white hawkweed,Low
Scouler's woollyweed,Medium
sweetgrass,High
curly-mesquite,Low
common mare's-tail,High
common velvetgrass,Low
meadow barley,Medium
California barley,Low
little barley,Medium
common barley,Medium
waterpod,High
ballhead waterleaf,High
western waterleaf,Medium
spring spiderlily,Medium
tinker's penny,High
great St. Johnswort,Medium
northern St. Johnswort,High
roundpod St. Johnswort,Medium
coppery St. Johnswort,Medium
orangegrass,Low
dwarf St. Johnswort,Medium
spotted St. Johnswort,Medium
common goldstar,Medium
evergreen candytuft,Medium
streambank wild hollyhock,Medium
jewelweed,Medium
pale touch-me-not,Medium
hairy indigo,Medium
bayhops,Medium
scarlet gilia,Low
Siskiyou iris,Medium
copper iris,High
Rocky Mountain iris,High
toughleaf iris,Medium
Virginia iris,High
Jesuit's bark,High
oval-leaf clustervine,Medium
tapertip rush,High
jointleaf rush,High
bog rush,High
twoflowered rush,High
whiteroot rush,Medium
smallhead rush,High
toad rush,Medium
Canadian rush,Medium
chestnut rush,Medium
Colorado rush,High
forked rush,Medium
Drummond's rush,Medium
common rush,Medium
swordleaf rush,High
inland rush,Medium
longstyle rush,High
grassleaf rush,Medium
bighead rush,High
Mertens' rush,High
Mexican rush,Medium
Sierra rush,High
knotted rush,Medium
Parry's rush,Low
lesser creeping rush,High
needlegrass rush,High
needlepod rush,High
lopsided rush,Low
woodland rush,High
poverty rush,Medium
Torrey's rush,Medium
three-hulled rush,High
roundhead rush,High
American water-willow,Medium
prairie Junegrass,High
Korean clover,Low
Japanese clover,Low
hyacinthbean,Medium
Carolina redroot,Medium
Caley pea,High
beach pea,Medium
perennial pea,Low
silky beach pea,Medium
leafy pea,Medium
flat pea,Low
tuberous sweetpea,Medium
catchfly grass,Medium
rice cutgrass,High
whitegrass,Medium
common duckweed,High
star duckweed,High
valdivia duckweed,High
mountain pepperweed,Low
green sprangletop,Medium
bearded sprangletop,High
shrub lespedeza,Medium
roundhead lespedeza,Low
hairy lespedeza,Low
wand lespedeza,Low
oxeye daisy,Low
sand ryegrass,Medium
basin wildrye,High
giant wildrye,High
yellow wildrye,Medium
American dunegrass,Medium
mammoth wildrye,Medium
saline wildrye,Low
beardless wildrye,Low
dotted blazing star,Medium
prairie blazing star,Medium
dense blazing star,Medium
Appalachian blazing star,Medium
awl-leaf lilaea,High
American spongeplant,High
lavender thrift,High
Lewis flax,Medium
ridged yellow flax,Medium
big blue lilyturf,Low
broadlipped twayblade,High
western stoneseed,Low
cardinalflower,Low
perennial ryegrass,Medium
Italian ryegrass,Medium
Wimmera ryegrass,Medium
Canby's biscuitroot,Low
cous biscuitroot,Low
fernleaf biscuitroot,Low
bigseed biscuitroot,Low
nineleaf biscuitroot,Medium
bird's-foot trefoil,Medium
big deervetch,Medium
big trefoil,Medium
narrowleaf trefoil,Low
Wright's deervetch,Low
wingleaf primrose-willow,High
marsh seedbox,High
Great Basin lupine,Low
sicklekeel lupine,Medium
white lupine,Medium
narrowleaf lupine,Medium
silvery lupine,Low
tailcup lupine,Low
shaggy lupine,High
Elmer's lupine,Medium
Big Bend bluebonnet,Low
broadleaf lupine,High
Pacific lupine,Low
pale yellow lupine,Medium
European yellow lupine,Medium
Nevada lupine,Medium
Nootka lupine,Medium
silky lupine,Low
sulphur lupine,Low
smallflowered woodrush,High
spiked woodrush,High
American water horehound,High
rough bugleweed,High
taperleaf water horehound,High
Virginia water horehound,High
lanceleaf loosestrife,Medium
tufted loosestrife,High
Bigelow's tansyaster,Low
tanseyleaf tansyaster,Medium
purple bushbean,Low
cassava,Medium
roving sailor,Medium
black medick,Medium
burclover,Medium
alfalfa,Medium
snail medick,Medium
oniongrass,Low
California melicgrass,Low
smallflower melicgrass,Low
purple oniongrass,Low
Alaska oniongrass,Medium
sweetclover,Medium
rough menodora,Low
wild mint,Medium
tenpetal blazingstar,Medium
buckbean,High
tall fringed bluebells,High
Virginia bluebells,High
nodding microseris,Medium
climbing hempvine,Medium
sharpwing monkeyflower,High
scarlet monkeyflower,High
coastal monkeyflower,Medium
seep monkeyflower,High
dwarf purple monkeyflower,Low
primrose monkeyflower,High
Suksdorf's monkeyflower,Medium
Colorado four o'clock,Low
Chinese silvergrass,Medium
wild bergamot,High
mintleaf bergamot,Medium
Nuttall's povertyweed,Medium
scratchgrass,High
hairawn muhly,High
plains muhly,Low
wirestem muhly,Medium
spiked muhly,Medium
Mexican muhly,Medium
mountain muhly,Medium
bush muhly,Medium
sandhill muhly,Low
marsh muhly,Medium
creeping muhly,Low
mat muhly,High
deergrass,Low
nimblewill,Low
woodland muhly,Medium
bog muhly,High
spike muhly,Medium
true forget-me-not,High
bristly mousetail,Medium
tiny mousetail,Medium
nodding waternymph,High
southern waternymph,High
brittle waternymph,High
nodding needlegrass,Low
foothill needlegrass,Low
purple needlegrass,Medium
green needlegrass,Low
American lotus,High
fivespot,Medium
perennial soybean,Medium
boraxweed,Medium
Rocky Mountain pond-lily,High
yellow waterlily,High
common evening primrose,Medium
tufted evening primrose,Low
Hooker's evening primrose,High
Hooker's evening primrose,Low
yellow evening primrose,Medium
narrowleaf evening primrose,High
pale evening primrose,Low
meadow evening primrose,Medium
stiff goldenrod,Medium
Douglas' grasswidow,Medium
sainfoin,Medium
yellow owl's-clover,Low
thinleaved owl's-clover,Low
bluntseed sweetroot,Medium
western sweetroot,Medium
cinnamon fern,Medium
interrupted fern,High
royal fern,High
royal fern,Medium
alpine mountainsorrel,Medium
purple locoweed,Low
showy locoweed,Medium
Japanese pachysandra,High
golden ragwort,High
woolly groundsel,Low
butterweed,High
threetooth ragwort,Medium
Brown's peony,Medium
bitter panicgrass,Medium
blue panicum,High
kleingrass,Medium
fall panicgrass,High
maidencane,High
proso millet,Low
vine mesquite,High
redtop panicgrass,High
switchgrass,Medium
fringed grass of Parnassus,High
marsh grass of Parnassus,High
western wheatgrass,Medium
hilograss,Medium
dallisgrass,High
knotgrass,High
horsetail paspalum,High
field paspalum,Medium
Brunswickgrass,Medium
bahiagrass,Low
brownseed paspalum,Low
seashore paspalum,High
yellow passionflower,Low
lemonscent,Low
Canadian lousewort,Medium
elephanthead lousewort,High
green arrow arum,High
Chinese fountaingrass,Low
buffelgrass,Low
pearl millet,Low
elephant grass,Medium
crimson fountaingrass,Low
sharpleaf penstemon,Low
Alberta beardtongue,Medium
broadbeard beardtongue,Low
yellow penstemon,Medium
Wasatch beardtongue,Medium
scabland penstemon,Low
foxglove beardtongue,Low
firecracker penstemon,Low
Gairdner's beardtongue,Low
sawsepal penstemon,Medium
Purdy's penstemon,Medium
mountain blue penstemon,Medium
Lyall's beardtongue,Medium
mountain pride,Low
Palmer's penstemon,Low
Rydberg's penstemon,Low
royal penstemon,Low
Rocky Mountain penstemon,Medium
Venus penstemon,Medium
Whipple's penstemon,Medium
Wilcox's penstemon,Low
ditch stonecrop,Medium
Gardner's yampah,High
Parish's yampah,High
silverleaf phacelia,Medium
lacy phacelia,Medium
bulbous canarygrass,High
reed canarygrass,High
alpine timothy,Medium
timothy,Medium
spreading phlox,Low
wild blue phlox,Medium
smooth phlox,High
longleaf phlox,Low
wild sweetwilliam,Medium
moss phlox,Medium
common reed,Medium
turkey tangle fogfruit,Low
golden bamboo,Low
American pokeweed,Medium
narrowleaf silkgrass,Medium
common plantain,Medium
woolly plantain,Low
James' galleta,Low
tobosagrass,Low
big galleta,Low
sweetscent,Medium
alpine bluegrass,Low
annual bluegrass,Medium
autumn bluegrass,Medium
bulbous bluegrass,Medium
Canada bluegrass,Medium
muttongrass,Low
muttongrass,Low
glaucous bluegrass,Medium
Leiberg's bluegrass,Medium
marsh bluegrass,High
seashore bluegrass,Low
Wheeler bluegrass,Medium
fowl bluegrass,Medium
Kentucky bluegrass,Medium
Sandberg bluegrass,Medium
woodland bluegrass,High
rough bluegrass,High
western polemonium,High
water knotweed,High
meadow bistort,Medium
American bistort,High
Davis' knotweed,Low
marshpepper knotweed,High
swamp smartweed,Medium
Pennsylvania smartweed,Medium
spotted ladysthumb,Medium
dotted smartweed,Medium
arrowleaf tearthumb,Medium
alpine bistort,High
annual rabbitsfoot grass,High
western swordfern,High
pickerelweed,High
largeleaf pondweed,High
curly pondweed,High
waterthread pondweed,High
ribbonleaf pondweed,High
leafy pondweed,High
variableleaf pondweed,High
floating pondweed,High
longleaf pondweed,High
whitestem pondweed,High
Robbins' pondweed,High
flatstem pondweed,High
tall cinquefoil,Medium
varileaf cinquefoil,Medium
sticky cinquefoil,Low
slender cinquefoil,Low
Platte River cinquefoil,Medium
silvery primrose,High
common selfheal,Medium
Russian wildrye,Low
beardless wheatgrass,Low
bluebunch wheatgrass,Low
western brackenfern,Medium
Sierra false needlegrass,Medium
Nuttall's alkaligrass,Medium
littleleaf buttercup,Medium
plantainleaf buttercup,High
alkali buttercup,High
Eschscholtz's buttercup,Medium
greater creeping spearwort,High
sagebrush buttercup,High
bristly buttercup,Medium
Mississippi buttercup,High
longbeak buttercup,High
Pennsylvania buttercup,High
creeping buttercup,Medium
cursed buttercup,High
upright prairie coneflower,Medium
pinnate prairie coneflower,Medium
green prairie coneflower,Low
shortbristle horned beaksedge,Medium
curvepod yellowcress,High
stalkless yellowcress,High
spreading yellowcress,Medium
creeping yellowcress,High
cloudberry,High
blackeyed Susan,Medium
cutleaf coneflower,Low
great coneflower,High
shiny coneflower,High
fringeleaf wild petunia,Low
limestone wild petunia,Low
golden dock,High
widgeongrass,High
shortbeard plumegrass,Medium
sugarcane plumegrass,Medium
sugarcane,Medium
ravennagrass,Medium
American cupscale,Low
arctic pearlwort,High
arumleaf arrowhead,Medium
broadleaf arrowhead,High
delta arrowhead,High
red swampfire,Medium
pitcher sage,Medium
small burnet,Medium
bouncingbet,Medium
little bluestem,Low
little bluestem,Medium
slender little bluestem,Medium
hardstem bulrush,High
California bulrush,High
slender bulrush,High
common threesquare,High
softstem bulrush,High
green bulrush,Medium
woolgrass,High
Georgia bulrush,Medium
panicled bulrush,Medium
cloaked bulrush,Medium
stalked bulrush,High
rufous bulrush,Medium
common rivergrass,High
cereal rye,High
tall groundsel,High
lambstongue ragwort,Medium
arrowleaf ragwort,High
old-man-in-the-Spring,Medium
Maryland senna,Low
foxtail millet,Low
yellow foxtail,Low
plains bristlegrass,Medium
salt spring checkerbloom,High
Oregon checkerbloom,High
narrowleaf blue-eyed grass,Medium
Idaho blue-eyed grass,High
garden tomato,High
eggplant,High
wreath goldenrod,Medium
Canada goldenrod,Medium
pine barren goldenrod,High
zigzag goldenrod,Medium
giant goldenrod,Medium
Missouri goldenrod,Low
gray goldenrod,Medium
roundleaf goldenrod,High
wrinkleleaf goldenrod,Medium
seaside goldenrod,Low
bog goldenrod,High
Indiangrass,Medium
sorghum,Medium
grain sorghum,Medium
Sudangrass,Low
Johnsongrass,High
American bur-reed,High
broadfruit bur-reed,High
smooth cordgrass,High
sand cordgrass,High
big cordgrass,High
alkali cordgrass,Medium
saltmeadow cordgrass,Medium
prairie cordgrass,High
gulf cordgrass,Medium
desert globemallow,Low
scarlet globemallow,Low
gooseberryleaf globemallow,Low
Munro's globemallow,Low
prairie wedgescale,Medium
nodding lady's tresses,High
hooded lady's tresses,High
common duckmeat,High
alkali sacaton,Low
composite dropseed,Low
sand dropseed,Low
mesa dropseed,Low
prairie dropseed,Low
black dropseed,Low
seashore dropseed,Low
big sacaton,Medium
marsh hedgenettle,High
smooth hedgenettle,High
longleaf starwort,High
longstalk starwort,High
shiny chickweed,Medium
umbrella starwort,High
St. Augustine grass,Medium
thrift mock goldenweed,Low
fineleaf pondweed,High
Pacific aster,Medium
Pacific aster,Medium
common blue wood aster,Low
alpine leafybract aster,Medium
smooth blue aster,Medium
white panicle aster,High
white panicle aster,Low
calico aster,Medium
New York aster,High
late purple aster,Medium
hairy white oldfield aster,Medium
crookedstem aster,Medium
purplestem aster,High
Douglas aster,High
eastern annual saltmarsh aster,Medium
skunk cabbage,High
common dandelion,Medium
Canada germander,High
New York fern,Low
intermediate wheatgrass,Medium
tall wheatgrass,Medium
Spanish moss,Medium
Virginia spiderwort,Medium
yellow salsify,Low
salsify,Medium
purpletop tridens,Low
longspike tridens,Low
Egyptian clover,Medium
Kura clover,Medium
strawberry clover,High
rose clover,Medium
alsike clover,High
crimson clover,Medium
longstalk clover,Medium
largehead clover,Low
small white clover,Medium
red clover,Medium
white clover,Medium
subterranean clover,Medium
arrowleaf clover,Medium
cows clover,Medium
eastern gamagrass,Medium
tall trisetum,Medium
spike trisetum,Medium
largeflower triteleia,Medium
common wheat,Low
narrowleaf cattail,High
broadleaf cattail,High
seaoats,Low
palisade grass,Low
guineagrass,Medium
para grass,Medium
broadleaf signalgrass,Medium
browntop millet,Medium
lesser bladderwort,High
western valerian,High
American eelgrass,High
California false hellebore,High
golden crownbeard,Medium
Missouri ironweed,Medium
New York ironweed,Medium
American speedwell,High
American alpine speedwell,High
vetivergrass,Low
American vetch,Low
bird vetch,Low
large yellow vetch,Medium
smooth yellow vetch,Medium
garden vetch,High
winter vetch,Medium
winter vetch,Medium
mung bean,Medium
cowpea,Medium
common periwinkle,Low
small white violet,High
downy yellow violet,Medium
common blue violet,High
annual fescue,Low
mule-ears,Medium
woolly mule-ears,Low
common beargrass,Low
banana yucca,Low
soapweed yucca,Low
corn,High
foothill deathcamas,Medium
annual wildrice,High
giant cutgrass,High
Korean lawngrass,Medium
Manila grass,Medium